nltk_sentiment,proportion
positive,0.7383177570093458
negative,0.2616822429906542
