nltk_sentiment,proportion
negative,0.7180616740088106
positive,0.2599118942731278
neutral,0.022026431718061675
