nltk_sentiment,proportion
negative,0.6746031746031746
positive,0.24206349206349206
neutral,0.08333333333333333
