nltk_sentiment,proportion
negative,0.6709183673469388
positive,0.2895408163265306
neutral,0.039540816326530615
